{
    "gemma-3-4b-it_vllm": {
        "6-reasoning/GSM8K": 339.4158986285329,
        "6-reasoning/last_letter": 190.62717176042497,
        "overall": 530.0430703889579
    },
    "gemma-3-4b-it_vllm_raw": {
        "1-rotowire": 271.8517814306542,
        "2-wiki_bio": 46.330445270985365,
        "3-few_nerd": 12.851081913337111,
        "4-TOPv1": 162.41041199490428,
        "5-api_bank": 76.31446244101971,
        "6-reasoning/GSM8K": 60.86271839123219,
        "6-reasoning/last_letter": 69.40601953864098,
        "overall": 700.0269209807739
    },
    "gemma-3-4b-it_transformers": {
        "1-rotowire": 167.6108735818416,
        "2-wiki_bio": 29.59181573987007,
        "3-few_nerd": 7.8324662474915385,
        "4-TOPv1": 50.91449091769755,
        "5-api_bank": 20.70440179295838,
        "6-reasoning/GSM8K": 41.078514348715544,
        "6-reasoning/last_letter": 40.98880734294653,
        "overall": 358.7213699715212
    }
}