{
    "gemma-3-4b-it_vllm": {
        "1-rotowire": 272.18408140260726,
        "2-wiki_bio": 46.134618231095374,
        "3-few_nerd": 12.78800375573337,
        "4-TOPv1": 163.1595364511013,
        "5-api_bank": 76.09185737092048,
        "6-reasoning/GSM8K": 60.6391511708498,
        "6-reasoning/last_letter": 68.70055634062737,
        "overall": 699.697804722935
    },
    "gemma-3-4b-it_transformers": {
        "1-rotowire": 1101.063090974465,
        "2-wiki_bio": 180.3548831846565,
        "3-few_nerd": 50.6522477325052,
        "4-TOPv1": 867.5767388837412,
        "5-api_bank": 446.55017284769565,
        "6-reasoning/GSM8K": 192.3316485369578,
        "6-reasoning/last_letter": 201.42623725812882,
        "overall": 3039.95501941815
    },
    "gemma-3-4b-it_vllm_outlines": {
        "1-rotowire": 1287.1084100073203,
        "2-wiki_bio": 1151.423390686512,
        "3-few_nerd": 726.7431984245777,
        "4-TOPv1": 191.56989741697907,
        "5-api_bank": 737.5530328005552,
        "6-reasoning/GSM8K": 352.8970230789855,
        "6-reasoning/last_letter": 213.40288409776986,
        "overall": 4660.6978365127
    },
    "gemma-3-4b-it_transformers_outlines": {
        "1-rotowire": 1170.5399181293324,
        "overall": 1170.5399181293324
    }
}