{
    "gemma-3-4b-it_vllm": {
        "1-rotowire": 272.18408140260726,
        "2-wiki_bio": 46.134618231095374,
        "3-few_nerd": 12.78800375573337,
        "4-TOPv1": 163.1595364511013,
        "5-api_bank": 76.09185737092048,
        "6-reasoning/GSM8K": 60.6391511708498,
        "6-reasoning/last_letter": 68.70055634062737,
        "overall": 699.697804722935
    },
    "gemma-3-4b-it_transformers": {
        "1-rotowire": 1101.063090974465,
        "2-wiki_bio": 180.3548831846565,
        "3-few_nerd": 50.6522477325052,
        "4-TOPv1": 867.5767388837412,
        "5-api_bank": 446.55017284769565,
        "6-reasoning/GSM8K": 192.3316485369578,
        "6-reasoning/last_letter": 201.42623725812882,
        "overall": 3039.95501941815
    },
    "gemma-3-4b-it_vllm_outlines": {
        "1-rotowire": 1287.1084100073203,
        "2-wiki_bio": 1151.423390686512,
        "3-few_nerd": 726.7431984245777,
        "4-TOPv1": 191.56989741697907,
        "5-api_bank": 737.5530328005552,
        "6-reasoning/GSM8K": 352.8970230789855,
        "6-reasoning/last_letter": 213.40288409776986,
        "overall": 4660.6978365127
    },
    "gemma-3-4b-it_transformers_outlines": {
        "1-rotowire": 1170.5399181293324,
        "2-wiki_bio": 1715.0,
        "3-few_nerd": 576.0,
        "4-TOPv1": 1042.0,
        "5-api_bank": 4243.0,
        "6-reasoning/GSM8K": 713.0,
        "6-reasoning/last_letter": 195.0,
        "overall": 9654
    },
    "gemma-3-4b-it_transformers_guidance": {
        "1-rotowire": 3712.53075780347,
        "2-wiki_bio": 1204.9218534091488,
        "3-few_nerd": 400.48120710253716,
        "4-TOPv1": 1663.1527695497498,
        "5-api_bank": 512.2053024843335,
        "6-reasoning/GSM8K": 1051.4893954247236,
        "6-reasoning/last_letter": 349.3703028494492,
        "overall": 8894.151588623412
    },
    "gemma-3-4b-it_transformers_reasoning_free": {
        "GSM8K": 211.65937298443168,
        "last_letter": 41.937845536507666,
        "overall": 253.59721852093935
    },
    "gemma-3-12b-it_vllm": {
        "1-rotowire": 907.2126785619184,
        "2-wiki_bio": 901.7080174079165,
        "3-few_nerd": 875.8253043312579,
        "4-TOPv1": 1290.2287980662659,
        "5-api_bank": 1311.8198896897957,
        "6-reasoning/GSM8K": 194.9043314969167,
        "6-reasoning/last_letter": 194.3977491883561,
        "overall": 5676.096768742427
    },
    "gemma-3-12b-it_vllm_outlines": {
        "1-rotowire": 5675.384648331441,
        "2-wiki_bio": 5495.585971068591,
        "3-few_nerd": 6776.758149304427,
        "4-TOPv1": 372.90581282041967,
        "5-api_bank": 130.68152703531086,
        "6-reasoning/GSM8K": 1650.1155532244593,
        "6-reasoning/last_letter": 1757.395465376787,
        "overall": 21858.827127161436
    },
    "gemma-3-1b-it_vllm": {
        "1-rotowire": 75.50738865509629,
        "2-wiki_bio": 79.75557205732912,
        "3-few_nerd": 84.64863080345094,
        "4-TOPv1": 154.87525030691177,
        "5-api_bank": 142.8929430982098,
        "6-reasoning/GSM8K": 25.64393526315689,
        "6-reasoning/last_letter": 25.82467359583825,
        "overall": 589.1483937799931
    },
    "gemma-3-1b-it_vllm_outlines": {
        "3-few_nerd": 1143.0805077776313,
        "4-TOPv1": 96.81335432361811,
        "5-api_bank": 331.978422626853,
        "overall": 1571.8722847281024
    }
}