{
    "gemma-3-4b-it_vllm": {
        "1-rotowire": 272.18408140260726,
        "2-wiki_bio": 46.134618231095374,
        "3-few_nerd": 12.78800375573337,
        "4-TOPv1": 163.1595364511013,
        "5-api_bank": 76.09185737092048,
        "6-reasoning/GSM8K": 60.6391511708498,
        "6-reasoning/last_letter": 68.70055634062737,
        "overall": 699.697804722935
    },
    "gemma-3-4b-it_transformers": {
        "1-rotowire": 27.954102721996605,
        "2-wiki_bio": 13.110798078589141,
        "3-few_nerd": 4.022562122903764,
        "4-TOPv1": 5.8429861618205905,
        "5-api_bank": 3.4280658923089504,
        "6-reasoning/GSM8K": 15.100168129429221,
        "6-reasoning/last_letter": 26.002722343429923,
        "overall": 95.4614054504782
    },
    "gemma-3-4b-it_vllm_outlines": {
        "1-rotowire": 1287.1084100073203,
        "2-wiki_bio": 1151.423390686512,
        "3-few_nerd": 726.7431984245777,
        "4-TOPv1": 191.56989741697907,
        "5-api_bank": 737.5530328005552,
        "6-reasoning/GSM8K": 352.8970230789855,
        "6-reasoning/last_letter": 213.40288409776986,
        "overall": 4660.6978365127
    }
}